Frame,g
0,"(703, 576)","(1744, 509)"
1
2
3
4
5
6
7
8
9
10
11
12
13
14
15
16
17
18
19
20
21
22
23
24
25
26
27
28
29
30
31
32
33
34
35
36
37
38
39
40
41
42
43,"(173, 755)","(282, 748)","(389, 740)","(494, 738)","(606, 730)","(703, 723)","(806, 719)","(915, 710)","(1017, 700)","(1121, 694)","(1215, 692)","(1318, 678)","(1423, 674)","(1529, 667)","(1640, 657)"
44
45
46
47
48,"(186, 756)","(287, 747)","(393, 743)","(503, 735)","(608, 730)","(717, 720)","(820, 714)","(925, 705)","(1023, 698)","(1116, 699)","(1212, 687)","(1316, 675)","(1449, 671)","(1524, 660)","(1644, 655)"
49
50
51
52
53,"(182, 750)","(282, 741)","(389, 745)","(507, 731)","(584, 726)","(715, 719)","(804, 712)","(922, 707)","(1006, 693)","(1125, 690)","(1229, 685)","(1315, 673)","(1436, 670)","(1527, 667)","(1645, 652)"
54
55
56
57
58,"(186, 745)","(304, 739)","(404, 735)","(505, 733)","(604, 727)","(714, 721)","(810, 712)","(918, 711)","(1030, 695)","(1134, 689)","(1215, 685)","(1319, 677)","(1439, 670)","(1547, 655)","(1644, 652)"
59
60
61
62
63,"(183, 747)","(287, 742)","(391, 736)","(505, 731)","(596, 717)","(704, 714)","(813, 713)","(910, 705)","(1014, 699)","(1116, 689)","(1214, 685)","(1319, 673)","(1437, 670)","(1551, 658)","(1644, 651)"
64
65
66
67
68,"(185, 740)","(286, 735)","(399, 731)","(502, 725)","(604, 723)","(710, 712)","(817, 706)","(923, 699)","(1029, 694)","(1126, 685)","(1215, 682)","(1319, 675)","(1447, 657)","(1550, 658)","(1633, 654)"
69
70
71
72
73,"(177, 741)","(284, 735)","(399, 734)","(507, 728)","(602, 719)","(711, 718)","(818, 712)","(899, 707)","(1027, 700)","(1127, 687)","(1218, 689)","(1336, 668)","(1448, 663)","(1552, 655)","(1632, 640)"
74
75
76
77
78,"(178, 745)","(285, 735)","(393, 725)","(499, 723)","(593, 717)","(702, 708)","(810, 700)","(915, 695)","(1017, 694)","(1125, 675)","(1233, 674)","(1334, 666)","(1436, 654)","(1545, 652)","(1653, 635)"
79
80
81
82
83,"(174, 742)","(291, 727)","(393, 731)","(491, 719)","(599, 713)","(704, 710)","(814, 696)","(898, 691)","(1000, 683)","(1119, 674)","(1227, 659)","(1328, 665)","(1439, 649)","(1546, 648)","(1648, 638)"
84
85
86
87
88,"(183, 732)","(287, 731)","(384, 723)","(487, 713)","(594, 709)","(698, 705)","(805, 698)","(919, 689)","(1001, 681)","(1105, 671)","(1214, 664)","(1316, 661)","(1424, 652)","(1548, 642)","(1641, 630)"
89
90
91
92
93
94,"(180, 728)","(283, 724)","(391, 714)","(489, 710)","(592, 708)","(685, 705)","(809, 695)","(905, 688)","(1002, 684)","(1105, 676)","(1208, 670)","(1318, 660)","(1422, 651)","(1523, 635)","(1646, 629)"
95
96
97
98
99,"(180, 729)","(285, 720)","(394, 712)","(497, 714)","(597, 704)","(699, 698)","(794, 688)","(910, 689)","(1026, 672)","(1104, 672)","(1235, 657)","(1314, 648)","(1427, 649)","(1529, 636)","(1631, 624)"
100
101
102
103
104
105
106
107
108
109,"(292, 716)","(387, 710)","(502, 700)","(595, 698)","(714, 693)","(796, 687)","(927, 678)","(1026, 673)","(1129, 663)","(1230, 662)","(1316, 645)","(1410, 636)","(1546, 629)","(1624, 622)"
110
111
112
113
114
115
116
117
118
119
120,"(193, 713)","(288, 711)","(394, 704)","(492, 697)","(594, 687)","(695, 685)","(815, 676)","(922, 667)","(1000, 664)","(1107, 654)","(1212, 651)","(1327, 638)","(1416, 628)","(1551, 617)","(1652, 611)"
121
122
123
124
125
126
127
128
129
130,"(181, 707)","(278, 703)","(385, 697)","(492, 690)","(596, 683)","(699, 674)","(809, 675)","(914, 659)","(1023, 648)","(1106, 642)","(1207, 634)","(1329, 633)","(1439, 617)","(1548, 607)","(1646, 606)"
131
132,"(181, 711)","(283, 704)","(387, 700)","(487, 694)","(592, 679)","(701, 678)","(810, 672)","(912, 663)","(1024, 647)","(1130, 657)","(1212, 644)","(1308, 641)","(1422, 631)","(1545, 630)","(1646, 632)"
133,"(284, 707)","(387, 690)","(495, 691)","(593, 683)","(707, 672)","(815, 674)","(921, 665)","(1000, 667)","(1130, 660)","(1230, 653)","(1317, 646)","(1435, 645)","(1522, 637)","(1653, 639)"
134,"(284, 708)","(383, 698)","(502, 693)","(615, 693)","(715, 685)","(819, 679)","(924, 677)","(1032, 671)","(1100, 673)","(1208, 656)","(1315, 647)","(1424, 638)","(1545, 630)"
135,"(172, 719)","(286, 721)","(387, 713)","(501, 707)","(606, 694)","(702, 689)","(799, 682)","(916, 673)","(1017, 669)","(1112, 662)","(1234, 651)","(1312, 644)","(1420, 637)","(1556, 637)","(1649, 623)"
136,"(180, 727)","(289, 721)","(387, 715)","(499, 714)","(608, 696)","(704, 692)","(799, 686)","(911, 677)","(1016, 665)","(1117, 656)","(1220, 649)","(1328, 643)","(1420, 626)","(1550, 604)","(1646, 615)"
137
138
139
140
141
142
143
144
145,"(168, 715)","(289, 705)","(389, 702)","(490, 691)","(594, 683)","(704, 682)","(804, 675)","(892, 668)","(997, 665)","(1110, 649)","(1211, 640)","(1318, 632)","(1423, 632)","(1547, 604)","(1631, 605)"
146
147
148
149
150
151
152
153
154
155
156
157
158,"(187, 707)","(283, 701)","(395, 698)","(505, 686)","(596, 678)","(702, 674)","(809, 670)","(896, 663)","(1018, 643)","(1130, 635)","(1203, 626)","(1322, 624)","(1442, 614)","(1546, 607)"
159
160
161
162
163,"(180, 706)","(302, 696)","(397, 688)","(488, 680)","(596, 675)","(694, 674)","(813, 663)","(897, 659)","(1015, 644)","(1123, 635)","(1213, 630)","(1323, 618)","(1441, 612)","(1546, 601)"
